{
    "raw_counts": {
        "total_prefetches": 93,
        "useful_prefetches": 92,
        "timely_prefetches": 92,
        "total_cache_misses": 0,
        "covered_misses": 0,
        "total_accesses": 397,
        "cache_hits": 0,
        "total_evictions": 0,
        "evictions_caused_by_prefetch": 0,
        "pollution": 1,
        "inference_calls": 0
    },
    "confusion_matrix": {
        "tp": 92,
        "fp": 1,
        "fn": 305,
        "tn": 602
    },
    "classification_metrics": {
        "accuracy": 0.694,
        "precision": 0.989247311827957,
        "recall": 0.23173803526448364,
        "f1_score": 0.3755102040816327,
        "specificity": 0.9983416252072969,
        "balanced_accuracy": 0.6150398302358903,
        "negative_predictive_value": 0.6637265711135611,
        "false_positive_rate": 0.001658374792703151,
        "false_negative_rate": 0.7682619647355163
    },
    "prefetch_effectiveness": {
        "coverage": 0.23173803526448364,
        "hit_rate": 0.989247311827957,
        "miss_rate": 0.010752688172043001,
        "timeliness": 0.25491183879093204,
        "overprediction_rate": 0.010752688172043012,
        "pollution_rate": 0.010752688172043012,
        "prefetch_accuracy": 0.989247311827957
    },
    "resources": {
        "total_prefetch_bytes": 0,
        "useful_bytes": 0,
        "bandwidth_overhead_bytes": 0,
        "bandwidth_overhead_mb": 0.0,
        "model_size_mb": 0.0,
        "inference_time_per_prediction_ms": 0.0,
        "inference_cpu_usage_percent": 0.0,
        "memory_usage_mb": 0.0
    },
    "performance": {
        "speedup_percent": 5.600026627169508,
        "cold_time_sec": 0.0,
        "prefetched_time_sec": 0.0,
        "cold_time_median_sec": 0.030044499999999967,
        "prefetched_time_median_sec": 0.028362000000000026
    }
}