{
    "raw_counts": {
        "total_prefetches": 229,
        "useful_prefetches": 224,
        "timely_prefetches": 224,
        "total_cache_misses": 0,
        "covered_misses": 0,
        "total_accesses": 429,
        "cache_hits": 0,
        "total_evictions": 0,
        "evictions_caused_by_prefetch": 0,
        "pollution": 5,
        "inference_calls": 0
    },
    "confusion_matrix": {
        "tp": 224,
        "fp": 5,
        "fn": 205,
        "tn": 566
    },
    "classification_metrics": {
        "accuracy": 0.79,
        "precision": 0.9781659388646288,
        "recall": 0.5221445221445221,
        "f1_score": 0.6808510638297872,
        "specificity": 0.9912434325744308,
        "balanced_accuracy": 0.7566939773594765,
        "negative_predictive_value": 0.7341115434500648,
        "false_positive_rate": 0.008756567425569177,
        "false_negative_rate": 0.47785547785547783
    },
    "prefetch_effectiveness": {
        "coverage": 0.5221445221445221,
        "hit_rate": 0.9781659388646288,
        "miss_rate": 0.02183406113537123,
        "timeliness": 0.5743589743589744,
        "overprediction_rate": 0.021834061135371178,
        "pollution_rate": 0.021834061135371178,
        "prefetch_accuracy": 0.9781659388646288
    },
    "resources": {
        "total_prefetch_bytes": 0,
        "useful_bytes": 0,
        "bandwidth_overhead_bytes": 0,
        "bandwidth_overhead_mb": 0.0,
        "model_size_mb": 0.0,
        "inference_time_per_prediction_ms": 0.0,
        "inference_cpu_usage_percent": 0.0,
        "memory_usage_mb": 0.0
    },
    "performance": {
        "speedup_percent": 14.099145124411164,
        "cold_time_sec": 0.0,
        "prefetched_time_sec": 0.0,
        "cold_time_median_sec": 6.926271000000005,
        "prefetched_time_median_sec": 5.949726
    }
}